产品名称,品牌,功效标签,售价,容量规格,成分列表,用户使用评论,source_site,source_url
[新日期]韩国AHC水乳套装神仙水套盒护肤套装B5玻尿酸爽肤水清爽保湿补水,[新日期]韩国A,保湿；补水,¥108.00到手价,,玻尿酸；B5,500+评价,万运国际海外专营店,https://search.suning.com/%E7%BE%8E%E5%A6%86%E6%8A%A4%E8%82%A4/
Whoo后套装盒套装护肤化妆品保湿 面部护肤套装礼盒 雪玉凝水乳面霜六件套(嫩白提亮),Whoo后套装盒套装护肤化妆品保湿,保湿；提亮,¥469.00,,,5评价,维港美妆海外专营店,https://search.suning.com/%E7%BE%8E%E5%A6%86%E6%8A%A4%E8%82%A4/
雅诗兰黛Estee Lauder红石榴排浊护肤三件套装套盒「倍润精华水+洗面奶+面霜」红石榴面部护肤套装礼盒女士新版,雅诗兰黛Estee,,¥508.00到手价,,,40+评价,梵诗理美妆专营店,https://search.suning.com/%E7%BE%8E%E5%A6%86%E6%8A%A4%E8%82%A4/
新款 Sulwhasoo雪花秀滋盈肌本舒活水乳护肤品礼盒水乳套装淡纹抗老补水保湿两件套升级增量版 护肤化妆品套盒套装,新款,保湿；补水,¥218.00到手价,,,20+评价,梵诗理美妆专营店,https://search.suning.com/%E7%BE%8E%E5%A6%86%E6%8A%A4%E8%82%A4/
雅诗兰黛EsteeLauder多效智妍三件套(原生液200ml+小棕瓶精华50ml+智妍面霜75ml)护肤套装 送礼,雅诗兰黛EsteeLauder多效智妍三件套,,¥1118.00到手价,200ml；50ml；75ml,,40+评价,梵诗理美妆专营店,https://search.suning.com/%E7%BE%8E%E5%A6%86%E6%8A%A4%E8%82%A4/
Whoo后套装盒套装护肤化妆品保湿面部护肤套装礼盒 后天气丹pro水乳霜七件套 新版升级,Whoo后套装盒套装护肤化妆品保湿面部护肤套装礼盒,保湿,¥619.00,,,5评价,维港美妆海外专营店,https://search.suning.com/%E7%BE%8E%E5%A6%86%E6%8A%A4%E8%82%A4/
海蓝之谜(LA MER)精萃水150ml +海蓝之谜乳液125ml,海蓝之谜,,¥1399.00到手价,150ml；125ml,,2评价,Venaes美妆海外旗舰店,https://search.suning.com/%E7%BE%8E%E5%A6%86%E6%8A%A4%E8%82%A4/
(PECHOIN)百雀羚套装护肤套装 恒采新颜臻萃礼盒5件套 洁面+水+乳+精华+面霜 保湿补水,(PECHOIN,保湿；补水,¥299.00,,,1300+评价,岑美美妆专营店,https://search.suning.com/%E7%BE%8E%E5%A6%86%E6%8A%A4%E8%82%A4/
(PECHOIN)百雀羚套装护肤套装 肌初赋活致臻套装第三代精华液版 精华水+精华乳+菁华霜+精华液+2面膜 保湿补水,(PECHOIN,保湿；补水,¥289.00,,,20+评价,岑美美妆专营店,https://search.suning.com/%E7%BE%8E%E5%A6%86%E6%8A%A4%E8%82%A4/
韩国Whoo后套装套盒 津率享红华凝香水乳面霜七件套 津率享水乳霜系列套盒女士面部护肤套装礼盒水润滋养 送女友礼物,韩国Whoo后套装套盒,,¥618.00到手价,,,200+评价,SHOUDU GUOJI海外旗舰店,https://search.suning.com/%E7%BE%8E%E5%A6%86%E6%8A%A4%E8%82%A4/
韩国WHOO 后 水妍水乳霜套盒清爽补水护肤品2件套 套装 拱辰享水妍水沄系列水乳礼盒6件套护肤套装,韩国WHOO,补水,¥328.00到手价,,,80+评价,梵诗理美妆专营店,https://search.suning.com/%E7%BE%8E%E5%A6%86%E6%8A%A4%E8%82%A4/
(Kans)韩束套装礼盒护肤套装 聚时光礼盒五件套 洁面+水+乳+面霜+眼霜 保湿补水,(Kans)韩束,保湿；补水,¥249.00,,,100+评价,岑美美妆专营店,https://search.suning.com/%E7%BE%8E%E5%A6%86%E6%8A%A4%E8%82%A4/
(MEIFUBAO)美肤宝套装护肤套装 玉露润颜保湿礼盒 洁肤晶露100ml+养肤水120ml+保湿乳液100ml,(MEIFUBA,保湿,¥139.00,100ml；120ml,,100+评价,岑美美妆专营店,https://search.suning.com/%E7%BE%8E%E5%A6%86%E6%8A%A4%E8%82%A4/
谷雨积雪草水乳雪绒修护补水保湿舒缓套装,谷雨积雪草水乳雪,保湿；补水；修护；舒缓,¥159.00,,,0评价,木易杨美妆苏宁专营店,https://search.suning.com/%E7%BE%8E%E5%A6%86%E6%8A%A4%E8%82%A4/
AHC B5玻尿酸护肤品套装 温和滋养 补水保湿 深层清洁 维稳修护 B5爽肤水+乳液+洁面套装,AHC,保湿；补水；清洁；修护,¥176.00到手价,,玻尿酸；B5,500+评价,万运国际海外专营店,https://search.suning.com/%E7%BE%8E%E5%A6%86%E6%8A%A4%E8%82%A4/
[20片装]形象美玻尿酸润泽精华面膜 补水保湿美妆护肤,[20片装]形象,保湿；补水,¥19.90,20片,玻尿酸,2100+评价,鑫邦洁美妆专营店,https://search.suning.com/%E7%BE%8E%E5%A6%86%E6%8A%A4%E8%82%A4/
[30片装]形象美玻尿酸润泽精华面膜 补水保湿美妆护肤,[30片装]形象,保湿；补水,¥99.90,30片,玻尿酸,800+评价,鑫邦洁美妆专营店,https://search.suning.com/%E7%BE%8E%E5%A6%86%E6%8A%A4%E8%82%A4/
[10片装]形象美玻尿酸润泽精华面膜 补水保湿美妆护肤,[10片装]形象,保湿；补水,¥15.90,10片,玻尿酸,30+评价,鑫邦洁美妆专营店,https://search.suning.com/%E7%BE%8E%E5%A6%86%E6%8A%A4%E8%82%A4/
韩国Whoo后套装套盒后拱辰享两件套(专柜版带洁面),韩国Whoo后套装套盒后拱辰享两件套,,¥268.00到手价,,,100+评价,万运国际海外专营店,https://search.suning.com/%E7%BE%8E%E5%A6%86%E6%8A%A4%E8%82%A4/
[20片装]形象美烟酰胺润泽精华面膜 补水保湿美妆护肤,[20片装]形象,保湿；补水,¥69.90,20片,烟酰胺,300+评价,鑫邦洁美妆专营店,https://search.suning.com/%E7%BE%8E%E5%A6%86%E6%8A%A4%E8%82%A4/
[20片装]形象美玻尿酸润泽精华面膜 补水保湿美妆护肤,[20片装]形象,保湿；补水,¥69.90,20片,玻尿酸,100+评价,鑫邦洁美妆专营店,https://search.suning.com/%E7%BE%8E%E5%A6%86%E6%8A%A4%E8%82%A4/
正版 百变物语:护肤、美妆、发型、美甲与穿搭完全指南 摩天文传,正版,,¥36.77,,,0评价,美阅书店,https://search.suning.com/%E7%BE%8E%E5%A6%86%E6%8A%A4%E8%82%A4/
化妆的哲学 改变人生的美妆秘籍 女生美妆护肤小秘籍 身材管理方法 气质提升 女生全面提升宝典 化妆师化妆技巧合集,化妆的哲学,,¥88.00,,,0评价,江莱图书专营店,https://search.suning.com/%E7%BE%8E%E5%A6%86%E6%8A%A4%E8%82%A4/
清醒护肤 李玲玲 编著 时尚美妆,清醒护肤,,¥51.00,,,0评价,江莱图书专营店,https://search.suning.com/%E7%BE%8E%E5%A6%86%E6%8A%A4%E8%82%A4/
护肤的秘密 写给大家的科学护肤指南 吕恒欣 著 你一定想知道的护肤秘密都在这里 时尚美妆,护肤的秘密,,¥61.00,,,0评价,江莱图书专营店,https://search.suning.com/%E7%BE%8E%E5%A6%86%E6%8A%A4%E8%82%A4/
AHC男士黑豆水乳套装护肤品保湿控油水乳护肤礼盒洁面三件套 到2027年2月26日过期,AHC男士黑豆水乳套装护肤品保湿控油水乳护肤礼盒洁面三件套,保湿；控油,¥98.00,,,500+评价,万运国际海外专营店,https://search.suning.com/%E7%BE%8E%E5%A6%86%E6%8A%A4%E8%82%A4/
精准护肤 好皮肤日常护肤七步法 一本科学严谨且通俗易懂的护肤科普书 中国护肤零售大王护肤经验秘密大公开 15年深耕美妆Z,精准护肤,,¥34.00,,,0评价,江莱图书专营店,https://search.suning.com/%E7%BE%8E%E5%A6%86%E6%8A%A4%E8%82%A4/
精准护肤:好皮肤日常护肤七步法 一本科学严谨且通俗易懂的护肤科普书 中国护肤大王护肤经验秘密大公开 15年深耕美妆,精准护肤:好皮肤,,¥38.00,,,0评价,江莱图书专营店,https://search.suning.com/%E7%BE%8E%E5%A6%86%E6%8A%A4%E8%82%A4/
SK-II超肌因钻光净白精华 紧肤淡皱保湿补水精华液 小灯泡sk2焕白精华50ml 护肤提亮肤色淡/斑,SK-II超肌因,保湿；补水；提亮,¥1079.00,50ml,,20+评价,维港美妆海外专营店,https://search.suning.com/%E7%BE%8E%E5%A6%86%E6%8A%A4%E8%82%A4/
韩国Whoo后套盒 后 天气丹pro水乳霜七件套 新版升级紧颜水乳霜七件套装套盒 原装进口 女士面部化妆品护肤套装礼盒,韩国Whoo后套盒,,¥768.00到手价,,,80+评价,梵诗理美妆专营店,https://search.suning.com/%E7%BE%8E%E5%A6%86%E6%8A%A4%E8%82%A4/
片仔癀凝时素颜紧致塑颜霜50g抗皱紧致保湿面霜国货美妆护肤品 凝时素颜紧致塑颜霜50g,片仔癀凝时素颜紧致塑颜霜50g抗皱紧致保湿面霜国货美妆护肤品,保湿；抗皱,¥179.00,50g,,0评价,片仔癀官方旗舰店,https://search.suning.com/%E7%BE%8E%E5%A6%86%E6%8A%A4%E8%82%A4/
韩国(Whoo)后 圣诞套装 拱辰享水乳霜眼霜精华限量祛黄平衡水油企划版 保湿补水平衡 护肤化妆品套装,韩国,保湿；补水,¥338.00到手价,,,80+评价,梵诗理美妆专营店,https://search.suning.com/%E7%BE%8E%E5%A6%86%E6%8A%A4%E8%82%A4/
"(PECHOIN)百雀羚保湿啫喱 甘油一号护肤啫喱170g 保湿补水,滋润营养 维C滋润",(PECHOIN,保湿；补水,¥19.90,170g,,0评价,岑励美妆专营店,https://search.suning.com/%E7%BE%8E%E5%A6%86%E6%8A%A4%E8%82%A4/
韩国Whoo后套装护肤套盒 津率享红华凝香水乳面霜七件套 津率享水乳霜系列套盒女士面部化妆品 水润滋养,韩国Whoo后套装护肤套盒,,¥498.00到手价,,,100+评价,万运国际海外专营店,https://search.suning.com/%E7%BE%8E%E5%A6%86%E6%8A%A4%E8%82%A4/
博世 K5BTTAL80C 美妆冰箱 护肤品化妆品冷藏箱,博世,,¥4800.00,,,0评价,祺天家电专营店,https://search.suning.com/%E7%BE%8E%E5%A6%86%E6%8A%A4%E8%82%A4/
(PECHOIN)百雀羚洗面奶 水嫩净透精华洁面乳95g 深层清洁 新老款随机发,(PECHOIN,清洁,¥39.00,95g,,500+评价,岑美美妆专营店,https://search.suning.com/%E7%BE%8E%E5%A6%86%E6%8A%A4%E8%82%A4/
海蓝之谜(LA MER) 焕活修护精粹水 面部护肤精华水保湿滋润爽肤水修护精萃液150ml,海蓝之谜,保湿；修护,¥609.00到手价,150ml,,100+评价,Venaes美妆海外旗舰店,https://search.suning.com/%E7%BE%8E%E5%A6%86%E6%8A%A4%E8%82%A4/
海蓝之谜(LA MER)轻盈精华修护精萃乳液125ML保湿补水乳液焕亮紧致面部护肤,海蓝之谜,保湿；补水；修护,¥929.00到手价,125ML,,100+评价,Venaes美妆海外旗舰店,https://search.suning.com/%E7%BE%8E%E5%A6%86%E6%8A%A4%E8%82%A4/
娇兰(GUERLAIN)蜂姿水爽肤水300ml帝皇蜂姿蜜润修护精粹水 爽肤水保湿滋润细嫩透亮润泽,娇兰,保湿；修护,¥459.00到手价,300ml,,30+评价,Venaes美妆海外旗舰店,https://search.suning.com/%E7%BE%8E%E5%A6%86%E6%8A%A4%E8%82%A4/
兰蔻(LANCOME)爽肤水 干皮亲妈滋润营养保湿补水 清莹大粉/水400ML,兰蔻,保湿；补水,¥209.00,400ML,,10+评价,维港美妆海外专营店,https://search.suning.com/%E7%BE%8E%E5%A6%86%E6%8A%A4%E8%82%A4/
娇兰(GUERLAIN)爽肤水 帝皇蜂姿修护蜜润柔肤水 补水保湿滋润营养 紧致修护 蜂姿水爽肤水300ml,娇兰,保湿；补水；修护,¥439.00,300ml,,3评价,维港美妆海外专营店,https://search.suning.com/%E7%BE%8E%E5%A6%86%E6%8A%A4%E8%82%A4/
雅诗兰黛(Estee Lauder)樱花原生液精华水200ml 平衡水油补水保湿舒缓提亮 樱花原生/液200ml,雅诗兰黛,保湿；补水；舒缓；提亮,¥355.00,200ml,,70+评价,维港美妆海外专营店,https://search.suning.com/%E7%BE%8E%E5%A6%86%E6%8A%A4%E8%82%A4/
兰蔻(LANCOME)净澈焕肤双重精华水极光水250ml 保湿补水 油提亮控油精华/水,兰蔻,保湿；补水；控油；提亮,¥549.00,250ml,,1评价,维港美妆海外专营店,https://search.suning.com/%E7%BE%8E%E5%A6%86%E6%8A%A4%E8%82%A4/
LANCÔME 兰蔻玫瑰露清滢柔肤粉水爽肤水400毫升干皮真爱补水保湿大粉水两瓶装+50ml小样,LANCÔME ,保湿；补水,¥395.00到手价,50ml,,600+评价,Venaes美妆海外旗舰店,https://search.suning.com/%E7%BE%8E%E5%A6%86%E6%8A%A4%E8%82%A4/
(PECHOIN)百雀羚面霜 水嫩倍现保湿精华霜50g 滋润营养 新老款随机发,(PECHOIN,保湿,¥59.00,50g,,300+评价,岑美美妆专营店,https://search.suning.com/%E7%BE%8E%E5%A6%86%E6%8A%A4%E8%82%A4/
"(PECHOIN)百雀羚男士面霜 平衡水润保湿霜50g 保湿补水,滋润营养 新老款随机发",(PECHOIN,保湿；补水,¥39.00,50g,,300+评价,岑美美妆专营店,https://search.suning.com/%E7%BE%8E%E5%A6%86%E6%8A%A4%E8%82%A4/
雅诗兰黛(Estee Lauder)保湿柔肤水干皮亲妈 第二代粉水补水保湿修护舒缓化妆水粉/水400ml,雅诗兰黛,保湿；补水；修护；舒缓,¥245.00,400ml,,70+评价,维港美妆海外专营店,https://search.suning.com/%E7%BE%8E%E5%A6%86%E6%8A%A4%E8%82%A4/
雅诗兰黛(Estee Lauder)原生液精华水200ml 平衡水油补水保湿舒缓收缩毛孔原生/液200ml,雅诗兰黛,保湿；补水；舒缓,¥359.00,200ml,,20+评价,维港美妆海外专营店,https://search.suning.com/%E7%BE%8E%E5%A6%86%E6%8A%A4%E8%82%A4/
"(PECHOIN)百雀羚乳液 经典SOD蜜150g*2瓶 保湿补水,滋润营养 补水配方",(PECHOIN,保湿；补水,¥29.90,150g；2瓶,,2评价,岑励美妆专营店,https://search.suning.com/%E7%BE%8E%E5%A6%86%E6%8A%A4%E8%82%A4/
雅诗兰黛(Estee Lauder)原生液精华水400ml 平衡水油补水保湿舒缓收缩毛孔 原生液400ml,雅诗兰黛,保湿；补水；舒缓,¥629.00,400ml,,20+评价,维港美妆海外专营店,https://search.suning.com/%E7%BE%8E%E5%A6%86%E6%8A%A4%E8%82%A4/
海蓝之谜(LA MER)焕活修护精粹水150ml 面部护肤精华水 保湿滋润爽肤水 修护精萃/液150ml,海蓝之谜,保湿；修护,¥659.00,150ml,,0评价,维港美妆海外专营店,https://search.suning.com/%E7%BE%8E%E5%A6%86%E6%8A%A4%E8%82%A4/
可丽金重组胶原嘭嘭次抛保湿精华敏感抗皱紧致面部精华护肤品生日送礼物 次抛30支/盒,可丽金重组胶原嘭嘭次抛保湿精华敏感抗皱紧致面部精华护肤品生日送礼物,保湿；抗皱,¥189.00,30支,,0评价,木易杨美妆苏宁专营店,https://search.suning.com/%E7%BE%8E%E5%A6%86%E6%8A%A4%E8%82%A4/
雅诗兰黛(Estee Lauder)智妍紧塑弹润爽肤水200ml 平衡水油补水保湿舒缓提/亮,雅诗兰黛,保湿；补水；舒缓,¥359.00,200ml,,9评价,维港美妆海外专营店,https://search.suning.com/%E7%BE%8E%E5%A6%86%E6%8A%A4%E8%82%A4/
"(PECHOIN)百雀羚乳液身体乳 止痒润肤露200g 保湿补水,滋润营养 新老款随机发 清爽型",(PECHOIN,保湿；补水,¥29.90,200g,,1评价,岑励美妆专营店,https://search.suning.com/%E7%BE%8E%E5%A6%86%E6%8A%A4%E8%82%A4/
科颜氏金盏花爽肤水40ml*3瓶装,科颜氏金盏花爽肤,,¥79.00,40ml；3瓶,,400+评价,苏宁自营,https://search.suning.com/%E7%BE%8E%E5%A6%86%E6%8A%A4%E8%82%A4/
[20片装]形象美烟酰胺润泽精华面膜 补水保湿,[20片装]形象,保湿；补水,¥19.90,20片,烟酰胺,50+评价,鑫邦洁美妆专营店,https://search.suning.com/%E7%BE%8E%E5%A6%86%E6%8A%A4%E8%82%A4/
娇兰(GUERLAIN)爽肤水 帝皇蜂姿修护蜜润柔肤水 补水保湿滋润营养 紧致修/护 150ml,娇兰,保湿；补水；修护,¥319.00,150ml,,8评价,维港美妆海外专营店,https://search.suning.com/%E7%BE%8E%E5%A6%86%E6%8A%A4%E8%82%A4/
赫莲娜(HR)绿宝瓶悦活蓄能新肌水200ml 保湿补水滋润营养 绿宝瓶精华/水200ml,赫莲娜,保湿；补水,¥689.00,200ml,,1评价,维港美妆海外专营店,https://search.suning.com/%E7%BE%8E%E5%A6%86%E6%8A%A4%E8%82%A4/
千纤草爽肤水补水喷雾湿敷保湿化妆护肤水男女舒缓丝瓜水,千纤草爽肤水补水,保湿；补水；舒缓,¥29.00,,,0评价,苏选自营,https://search.suning.com/%E7%BE%8E%E5%A6%86%E6%8A%A4%E8%82%A4/
海蓝之谜(Lamer)焕肤水 200ml(爽肤水 化妆水 保湿补水 ),海蓝之谜,保湿；补水,¥509.00到手价,200ml,,100+评价,Venaes美妆海外旗舰店,https://search.suning.com/%E7%BE%8E%E5%A6%86%E6%8A%A4%E8%82%A4/
兰蔻(LANCOME)菁纯臻颜玫瑰提亮控油精华菁纯玫瑰水150ml 保湿补水 滋润营/养,兰蔻,保湿；补水；控油；提亮,¥565.00,150ml,,10+评价,维港美妆海外专营店,https://search.suning.com/%E7%BE%8E%E5%A6%86%E6%8A%A4%E8%82%A4/
海蓝之谜(LA MER)焕肤水200ml 爽肤水化妆水 保湿补水 滋润营养 控油平衡,海蓝之谜,保湿；补水；控油,¥1000.00,200ml,,0评价,维港美妆海外专营店,https://search.suning.com/%E7%BE%8E%E5%A6%86%E6%8A%A4%E8%82%A4/
谷雨氨基酸洁面乳深层清洁水润舒缓不紧绷洗面奶护肤品,谷雨氨基酸洁面乳,清洁；舒缓,¥52.00,,氨基酸,0评价,木易杨美妆苏宁专营店,https://search.suning.com/%E7%BE%8E%E5%A6%86%E6%8A%A4%E8%82%A4/
原装进口韩国 肌司研 JMsolution水光针剂急救面膜 JM面膜 急救针剂面膜 蜂蜜珍珠燕窝水母面膜 10片 盒 急救面膜[10片 盒],原装进口韩国,,¥39.00,10片,蜂蜜,20+评价,梵诗理美妆专营店,https://search.suning.com/%E9%9D%A2%E8%86%9C/
肌司研 JMsolution 水光补水保湿沁润面膜 35g*10片(韩国进口 水润舒缓 玻尿酸 JM 强力补水),肌司研,保湿；补水；舒缓,¥38.00,35g；10片,玻尿酸,7.8万+评价,苏宁自营,https://search.suning.com/%E9%9D%A2%E8%86%9C/
欧莱雅玻色因安瓶面膜玻尿酸补水保湿修护抗皱B5[片装],欧莱雅玻色因安瓶,保湿；补水；修护；抗皱,¥40.50到手价,,玻尿酸；B5,1.6万+评价,苏宁自营,https://search.suning.com/%E9%9D%A2%E8%86%9C/
欧莱雅玻色因安瓶面膜玻尿酸补水保湿修护抗皱B5[片装],欧莱雅玻色因安瓶,保湿；补水；修护；抗皱,¥222.52到手价,,玻尿酸；B5,1100+评价,苏宁自营,https://search.suning.com/%E9%9D%A2%E8%86%9C/
[正品行货]韩国 AHC B5玻尿酸深层洁面清洁保湿孕妇男女学生氨基酸洗面奶180ml 180ml,[正品行货]韩国,保湿；清洁,¥56.00,180ml,玻尿酸；氨基酸；B5,20+评价,梵诗理美妆专营店,https://search.suning.com/%E9%9D%A2%E8%86%9C/
科颜氏(Kiehl's)白泥面膜 亚马逊白泥净致面膜温和清洁 黑头 控油保湿 亚马逊白泥面/膜125ml,科颜氏,保湿；控油；清洁,¥139.00,125ml,白泥,9评价,维港美妆海外专营店,https://search.suning.com/%E9%9D%A2%E8%86%9C/
蒂佳婷Dr.Jart+ 水动力活力水润蓝丸面膜 补水保湿 集中紧急补水 韩国原装进口 5片/盒,蒂佳婷Dr.Ja,保湿；补水,¥46.00,5片,,400+评价,苏宁自营,https://search.suning.com/%E9%9D%A2%E8%86%9C/
自然堂雪莲舒缓保湿面膜26ml*5片/盒 5片,自然堂雪莲舒缓保,保湿；舒缓,¥25.00,26ml；5片,,90+评价,苏宁自营,https://search.suning.com/%E9%9D%A2%E8%86%9C/
AHC 面膜第三代B5玻尿酸精华面膜孕妇敏感肌补水保湿提亮5片装 小安瓶透明质酸高浓度玻尿酸精华面膜 韩国进口 5片,AHC,保湿；补水；提亮,¥49.00,5片,玻尿酸；透明质酸；B5,10+评价,梵诗理美妆专营店,https://search.suning.com/%E9%9D%A2%E8%86%9C/
JMsolution 肌司研莹润蜂胶面膜 30ml*10片 JM面膜 水光蜂蜜面膜 补水保湿 韩国进口,JMsolution,保湿；补水,¥46.00,30ml；10片,蜂蜜,1600+评价,SHOUDU GUOJI海外旗舰店,https://search.suning.com/%E9%9D%A2%E8%86%9C/
原装进口韩国 肌司研 JM面膜 面膜组合套装(蜂蜜+珍珠+急救补水针剂面膜)紧急补水蜂胶滋养珍珠提亮 共30片,原装进口韩国,补水；提亮,¥99.00到手价,30片,蜂蜜,1600+评价,SHOUDU GUOJI海外旗舰店,https://search.suning.com/%E9%9D%A2%E8%86%9C/
欧莱雅奶白面膜美白淡斑烟酰胺补水保湿面膜官方正品10PC,欧莱雅奶白面膜美,保湿；补水；美白；淡斑,¥95.13到手价,,烟酰胺,100+评价,苏宁自营,https://search.suning.com/%E9%9D%A2%E8%86%9C/
雪花秀Sulwhasoo顺行柔和洁颜泡沫 200ml 洗面奶 温和清洁 氨基酸洗面奶女清洁保湿净化毛孔 泡沫洁面乳 新款 雪花秀顺行柔和洁面200ml,雪花秀Sulwhasoo顺行柔和洁颜泡沫,保湿；清洁,¥105.00,200ml,氨基酸,20+评价,梵诗理美妆专营店,https://search.suning.com/%E9%9D%A2%E8%86%9C/
韩国原装进口 肌司研 JMsolution水光针剂急救面膜 JM面膜 水滋养急救针剂面膜 黒臻版 10片/盒,韩国原装进口,,¥46.00,10片,,1600+评价,SHOUDU GUOJI海外旗舰店,https://search.suning.com/%E9%9D%A2%E8%86%9C/
SK-II 前男友面膜10片 夜间修护赋活日本美之匙SKIISK2 急救补水保湿 紧致滋润营养面膜,SK-II 前男,保湿；补水；修护,¥585.00到手价,10片,,10+评价,Venaes美妆海外旗舰店,https://search.suning.com/%E9%9D%A2%E8%86%9C/
AHC 爱和纯臻致玻尿酸面膜(黄金款) 补水保湿滋润肌肤蒸汽补水保湿提拉紧致玻尿酸胶原蛋白精华 保湿焕亮滋润 原装进口 5片,AHC,保湿；补水,¥78.00,5片,玻尿酸；胶原蛋白,10+评价,梵诗理美妆专营店,https://search.suning.com/%E9%9D%A2%E8%86%9C/
日本资生堂UNO吾诺男士洗面奶磨砂清洁控油保湿清爽 洁面乳130g 蓝色-深层清洁,日本资生堂UNO吾诺男士洗面奶磨砂清洁控油保湿清爽,保湿；控油；清洁,¥26.00,130g,,800+评价,万运国际海外专营店,https://search.suning.com/%E9%9D%A2%E8%86%9C/
自然堂雪域龙胆亮润面膜26ml*5片/盒 5片,自然堂雪域龙胆亮,,¥25.00,26ml；5片,,90+评价,苏宁自营,https://search.suning.com/%E9%9D%A2%E8%86%9C/
欧莱雅青春密码密集肌能精华鲜注面膜5片补水保湿 强韧肌底 焕活年轻,欧莱雅青春密码密集肌能精华鲜注面膜5片补水保湿,保湿；补水,¥40.50到手价,5片,,1.0万+评价,苏宁自营,https://search.suning.com/%E9%9D%A2%E8%86%9C/
肌司研 JMsolution 莹润蜂胶面膜30ml*10片(韩国进口 JM 3重蜂蜜 补水润肤 活力保湿 男女通用),肌司研,保湿；补水,¥38.00,30ml；10片,蜂蜜,7.8万+评价,苏宁自营,https://search.suning.com/%E9%9D%A2%E8%86%9C/
日本资生堂UNO吾诺男士洗面奶 活炭深层清洁洁面乳130g 黑色-清爽控油,日本资生堂UNO吾诺男士洗面奶,控油；清洁,¥26.00,130g,,800+评价,万运国际海外专营店,https://search.suning.com/%E9%9D%A2%E8%86%9C/
韩国原装 JM面膜 肌司研(JMsolution)面膜 海洋珍珠保湿面膜 10片/盒 保湿补水 透亮嫩白 男女通用,韩国原装,保湿；补水,¥46.00,10片,,1600+评价,SHOUDU GUOJI海外旗舰店,https://search.suning.com/%E9%9D%A2%E8%86%9C/
韩国原装 JM面膜 肌司研(JMsolution)面膜 粉蜗牛原液提亮面膜 10片/盒 保湿补水 弹力肌肤 男女通用,韩国原装,保湿；补水；提亮,¥46.00,10片,,1600+评价,SHOUDU GUOJI海外旗舰店,https://search.suning.com/%E9%9D%A2%E8%86%9C/
薇诺娜WINONA舒护修敏保湿面膜25ml*10片单片装舒缓肌肤保湿补水 10片,薇诺娜WINON,保湿；补水；舒缓,¥148.00,25ml；10片,,0评价,苏宁自营,https://search.suning.com/%E9%9D%A2%E8%86%9C/
UNO吾诺男士洗面奶控油清爽去角质去黑头洁面乳130g 三支装 蓝色+黑色+绿色（3支装）,UNO吾诺男士洗面奶控油清爽去角质去黑头洁面乳130g,控油,¥66.00,130g；3支,,300+评价,万运国际海外专营店,https://search.suning.com/%E9%9D%A2%E8%86%9C/
欧莱雅奶白面膜美白淡斑烟酰胺补水保湿面膜官方正品5PC,欧莱雅奶白面膜美,保湿；补水；美白；淡斑,¥52.71到手价,,烟酰胺,100+评价,苏宁自营,https://search.suning.com/%E9%9D%A2%E8%86%9C/
欧莱雅男士S.O.S玻尿酸面膜男士专用补水保湿修护烟酰胺提亮肤色,欧莱雅男士S.O,保湿；补水；修护；提亮,¥13.50到手价,,玻尿酸；烟酰胺,700+评价,苏宁自营,https://search.suning.com/%E9%9D%A2%E8%86%9C/
VidiVici女神洗面奶 韩国氨基酸洁面乳温和深清洁 120ml 一支装,VidiVici女神洗面奶,清洁,¥78.00,120ml,氨基酸,300+评价,万运国际海外专营店,https://search.suning.com/%E9%9D%A2%E8%86%9C/
肌司研 JMsolution 燕窝保湿补水面膜韩国进口满满精华弹润滋养JM面膜30ml*10片 三盒特惠装,肌司研,保湿；补水,¥99.00,30ml；10片,,7.8万+评价,苏宁自营,https://search.suning.com/%E9%9D%A2%E8%86%9C/
肌司研 JMsolution 活力水母保湿面膜韩国进口多重滋养重焕弹润JM面膜30ml*10片 三盒特惠装(韩国进口),肌司研,保湿,¥99.00,30ml；10片,,7.8万+评价,苏宁自营,https://search.suning.com/%E9%9D%A2%E8%86%9C/
欧莱雅青春密码密集肌能精华鲜注面膜10片 补水保湿 强韧肌底 焕活年轻,欧莱雅青春密码密集肌能精华鲜注面膜10片,保湿；补水,¥71.28到手价,10片,,1.0万+评价,苏宁自营,https://search.suning.com/%E9%9D%A2%E8%86%9C/
日本Curel珂润氨基酸泡沫洗面奶 浸润保湿清洁泡沫洁面慕斯150ml,日本Curel珂润氨基酸泡沫洗面奶,保湿；清洁,¥68.00,150ml,氨基酸,200+评价,万运国际海外专营店,https://search.suning.com/%E9%9D%A2%E8%86%9C/
韩国原装 JM面膜 肌司研(JMsolution)面膜 弹润水母面膜 10片/盒 保湿补水 多重滋养 男女通用,韩国原装,保湿；补水,¥46.00,10片,,1600+评价,SHOUDU GUOJI海外旗舰店,https://search.suning.com/%E9%9D%A2%E8%86%9C/
泰国RAY原装进口蚕丝面膜男女补水保湿 收缩毛孔 提亮肤色滋润营养 银色面膜10片1盒,泰国RAY原装进口蚕丝面膜男女补水保湿,保湿；补水；提亮,¥49.00,10片；1盒,,20+评价,Venaes美妆海外旗舰店,https://search.suning.com/%E9%9D%A2%E8%86%9C/
欧莱雅青春密码密集肌能精华鲜注面膜20片 补水保湿 强韧肌底 焕活年轻,欧莱雅青春密码密集肌能精华鲜注面膜20片,保湿；补水,¥123.25到手价,20片,,1.0万+评价,苏宁自营,https://search.suning.com/%E9%9D%A2%E8%86%9C/
VidiVici女神洗面奶 韩国氨基酸洁面乳温和深清洁 120ml 两支装,VidiVici女神洗面奶,清洁,¥145.00到手价,120ml,氨基酸,300+评价,万运国际海外专营店,https://search.suning.com/%E9%9D%A2%E8%86%9C/
[20条盒装 ]泊泉雅补水芦荟胶保湿睡眠面膜4ml/条,[20条盒装 ],保湿；补水,¥19.88,4ml,芦荟,400+评价,鑫邦洁美妆专营店,https://search.suning.com/%E9%9D%A2%E8%86%9C/
韩国原装 JM面膜 肌司研(JMsolution)面膜 燕窝营养面膜 10片/盒 保湿补水 弹力肌肤 男女通用,韩国原装,保湿；补水,¥46.00,10片,,1600+评价,SHOUDU GUOJI海外旗舰店,https://search.suning.com/%E9%9D%A2%E8%86%9C/
(PECHOIN)百雀羚面膜面贴膜 水嫩倍现水光精华面膜20片 保湿补水,(PECHOIN,保湿；补水,¥79.00,20片,,200+评价,岑美美妆专营店,https://search.suning.com/%E9%9D%A2%E8%86%9C/
原装进口韩国 肌司研JMsolution jm面膜组合套装(蜗牛+燕窝+水母面膜)提拉紧致增加弹性保湿补水 3盒共30片,原装进口韩国,保湿；补水,¥99.00到手价,3盒；30片,,1600+评价,SHOUDU GUOJI海外旗舰店,https://search.suning.com/%E9%9D%A2%E8%86%9C/
[正品行货]韩国Dr.Jart+ 蒂佳婷 蓝色绿色灰色药丸面膜深层补水持久滋润保湿5片/盒,[正品行货]韩国,保湿；补水,¥49.00,5片,,9评价,梵诗理美妆专营店,https://search.suning.com/%E9%9D%A2%E8%86%9C/
自然堂面膜水润透亮喜马拉雅龙胆面膜26ml*5片(包装随机),自然堂面膜水润透,,¥30.66,26ml；5片,,0评价,苏宁自营,https://search.suning.com/%E9%9D%A2%E8%86%9C/
欧莱雅男士耀白面膜美白淡斑淡化痘印补水保湿10PC,欧莱雅男士耀白面,保湿；补水；美白；淡斑,¥96.70到手价,,,90+评价,苏宁自营,https://search.suning.com/%E9%9D%A2%E8%86%9C/
欧莱雅青春密码密集肌能精华鲜注面膜40片 补水保湿 强韧肌底 焕活年轻,欧莱雅青春密码密集肌能精华鲜注面膜40片,保湿；补水,¥248.16到手价,40片,,1.0万+评价,苏宁自营,https://search.suning.com/%E9%9D%A2%E8%86%9C/
欧莱雅奶白面膜美白淡斑烟酰胺补水保湿面膜官方正品20PC,欧莱雅奶白面膜美,保湿；补水；美白；淡斑,¥172.88到手价,,烟酰胺,100+评价,苏宁自营,https://search.suning.com/%E9%9D%A2%E8%86%9C/
珀莱雅双抗面膜2.0 保湿补水提亮肤色抗皱紧致 15片,珀莱雅双抗面膜2,保湿；补水；抗皱；提亮,¥154.00到手价,15片,,80+评价,苏宁自营,https://search.suning.com/%E9%9D%A2%E8%86%9C/
珀莱雅面膜水润活力密集保湿面膜神经酰胺贴片面膜20片,珀莱雅面膜水润活,保湿,¥51.92到手价,20片,神经酰胺,10+评价,苏宁自营,https://search.suning.com/%E9%9D%A2%E8%86%9C/
欧莱雅玻色因安瓶面膜玻尿酸补水保湿修护抗皱B5[片装],欧莱雅玻色因安瓶,保湿；补水；修护；抗皱,¥338.32到手价,,玻尿酸；B5,1100+评价,苏宁自营,https://search.suning.com/%E9%9D%A2%E8%86%9C/
肌司研 JMsolution 海洋珍珠保湿面膜三部曲30g*10片(韩国进口 JM 珍珠面膜 深层补水润肤 男女通用),肌司研,保湿；补水,¥38.00,30g；10片,,3600+评价,苏宁自营,https://search.suning.com/%E9%9D%A2%E8%86%9C/
蒂佳婷Dr.Jart+ 水动力舒缓补水面膜绿丸 持久保湿 晒后呵护 男女通用 5片/盒,蒂佳婷Dr.Ja,保湿；补水；舒缓,¥46.00,5片,,400+评价,苏宁自营,https://search.suning.com/%E9%9D%A2%E8%86%9C/
欧莱雅奶白面膜美白淡斑烟酰胺补水保湿面膜官方正品15PC,欧莱雅奶白面膜美,保湿；补水；美白；淡斑,¥139.80到手价,,烟酰胺,100+评价,苏宁自营,https://search.suning.com/%E9%9D%A2%E8%86%9C/
日本pdc碧迪皙酒粕面膜升级款二代170g保湿提亮酒糟涂抹式清洁补水面膜 酒糟面膜170g,日本pdc碧迪皙酒粕面膜升级款二代170g保湿提亮酒糟涂抹式清洁补水面膜,保湿；补水；清洁；提亮,¥62.00,170g,,100+评价,万运国际海外专营店,https://search.suning.com/%E9%9D%A2%E8%86%9C/
科颜氏(Kiehl’s)白泥面膜125ml 亚马逊白泥净致面膜温和清洁 黑头 控油保湿 125ml,科颜氏,保湿；控油；清洁,¥159.00,125ml,白泥,10+评价,Venaes美妆海外旗舰店,https://search.suning.com/%E9%9D%A2%E8%86%9C/
PMPM白松露贴片面膜深层补水面膜清透莹亮女 5片,PMPM白松露贴片面膜深层补水面膜清透莹亮女,补水,¥19.00,5片,,500+评价,春燃美容个护专营店,https://search.suning.com/%E9%9D%A2%E8%86%9C/
Papa recipe 春雨 蜂蜜补水面膜10片/盒 保湿滋润面膜贴 正品清爽 保湿补水 滋润营养,Papa,保湿；补水,¥75.00,10片,蜂蜜,1.3万+评价,苏宁自营,https://search.suning.com/%E9%9D%A2%E8%86%9C/
Papa recipe 春雨 黑色清洁毛孔蜂蜜面膜10片/盒 补水保湿温和控油 韩国进口 净嫩保湿 敏肌可用,Papa,保湿；补水；控油；清洁,¥75.00,10片,蜂蜜,1.3万+评价,苏宁自营,https://search.suning.com/%E9%9D%A2%E8%86%9C/
Kiehl's科颜氏白泥净肤(净致)面膜125ML,Kiehl's科,,¥189.00,125ML,白泥,4800+评价,苏宁自营,https://search.suning.com/%E9%9D%A2%E8%86%9C/
Papa recipe 春雨 红参蜂蜜精油补水面膜10片/盒 深度锁水 淡化细纹 紧肤淡皱 提拉紧致,Papa,补水,¥75.00,10片,蜂蜜,1.3万+评价,苏宁自营,https://search.suning.com/%E9%9D%A2%E8%86%9C/
蒂佳婷Dr.Jart+ 水动力活力水润蓝丸面膜 补水保湿 集中紧急补水 韩国原装进口 5片/盒 三盒特惠装,蒂佳婷Dr.Ja,保湿；补水,¥126.00,5片,,400+评价,苏宁自营,https://search.suning.com/%E9%9D%A2%E8%86%9C/
Papa recipe 春雨 绿蜂蜜冰感面膜10片/盒 舒缓泛红 敏感修护 补水保湿,Papa,保湿；补水；修护；舒缓,¥75.00,10片,蜂蜜,1.3万+评价,苏宁自营,https://search.suning.com/%E9%9D%A2%E8%86%9C/
Papa recipe 春雨 紫色蜂蜜乳糖酸面膜 10片/盒 收缩毛孔 细腻控油提亮 温和果酸 收缩毛孔 细腻柔滑,Papa,控油；提亮,¥75.00,10片,蜂蜜,1.3万+评价,苏宁自营,https://search.suning.com/%E9%9D%A2%E8%86%9C/
SK-II 修护青春敷面贴膜 sk2前男友面膜10片 紧致淡皱 滋润营养 肌肤急救 各种肤质[日本原装进口],SK-II 修护,修护,¥689.00,10片,,200+评价,苏宁自营,https://search.suning.com/%E9%9D%A2%E8%86%9C/
科颜氏(Kiehl's)亚马逊白泥净致面膜125ml 深层清洁 黑头克星,科颜氏,清洁,¥169.00,125ml,白泥,200+评价,苏宁自营,https://search.suning.com/%E9%9D%A2%E8%86%9C/
欧莱雅青春密码密集肌能精华鲜注面膜15片 补水保湿 强韧肌底 焕活年轻,欧莱雅青春密码密集肌能精华鲜注面膜15片,保湿；补水,¥98.44到手价,15片,,1.0万+评价,苏宁自营,https://search.suning.com/%E9%9D%A2%E8%86%9C/
欧莱雅青春密码密集肌能精华鲜注面膜60片 补水保湿 强韧肌底 焕活年轻,欧莱雅青春密码密集肌能精华鲜注面膜60片,保湿；补水,¥387.96到手价,60片,,1.0万+评价,苏宁自营,https://search.suning.com/%E9%9D%A2%E8%86%9C/
欧莱雅复颜精纯维C透亮鲜注面膜20片 双仓鲜注VC补水保湿焕活年轻透亮焕白,欧莱雅复颜精纯维C透亮鲜注面膜20片,保湿；补水,¥172.88到手价,20片,,200+评价,苏宁自营,https://search.suning.com/%E9%9D%A2%E8%86%9C/
欧莱雅复颜精纯维C透亮鲜注面膜10片 双仓鲜注VC补水保湿焕活年轻透亮焕白,欧莱雅复颜精纯维C透亮鲜注面膜10片,保湿；补水,¥95.13到手价,10片,,200+评价,苏宁自营,https://search.suning.com/%E9%9D%A2%E8%86%9C/
欧莱雅复颜精纯维C透亮鲜注面膜15片 双仓鲜注VC补水保湿焕活年轻透亮焕白,欧莱雅复颜精纯维C透亮鲜注面膜15片,保湿；补水,¥139.80到手价,15片,,200+评价,苏宁自营,https://search.suning.com/%E9%9D%A2%E8%86%9C/
欧莱雅男士耀白面膜美白淡斑淡化痘印补水保湿15PC,欧莱雅男士耀白面,保湿；补水；美白；淡斑,¥140.54到手价,,,90+评价,苏宁自营,https://search.suning.com/%E9%9D%A2%E8%86%9C/
欧莱雅男士耀白面膜美白淡斑淡化痘印补水保湿20PC,欧莱雅男士耀白面,保湿；补水；美白；淡斑,¥173.63到手价,,,90+评价,苏宁自营,https://search.suning.com/%E9%9D%A2%E8%86%9C/
欧莱雅复颜玻尿酸水光充盈多效修护安瓶鲜注面膜15片,欧莱雅复颜玻尿酸,修护,¥106.71到手价,15片,玻尿酸,0评价,苏宁自营,https://search.suning.com/%E9%9D%A2%E8%86%9C/
欧莱雅复颜玻尿酸水光充盈多效修护安瓶鲜注面膜20片,欧莱雅复颜玻尿酸,修护,¥139.80到手价,20片,玻尿酸,0评价,苏宁自营,https://search.suning.com/%E9%9D%A2%E8%86%9C/
自然堂喜马拉雅雪域百合补水面膜26ml*5片/盒 5片,自然堂喜马拉雅雪,补水,¥25.00,26ml；5片,,90+评价,苏宁自营,https://search.suning.com/%E9%9D%A2%E8%86%9C/
Papa recipe 春雨 蜂蜜补水面膜6片/盒 保湿滋润面膜贴 正品清爽 保湿补水 滋润营养,Papa,保湿；补水,¥49.00,6片,蜂蜜,1.3万+评价,苏宁自营,https://search.suning.com/%E9%9D%A2%E8%86%9C/
珀莱雅水盈澎澎新生面膜75ml 补水肌肤,珀莱雅水盈澎澎新生面膜75ml,补水,¥80.00,75ml,,30+评价,苏宁自营,https://search.suning.com/%E9%9D%A2%E8%86%9C/
欧莱雅 复颜玻尿酸水光充盈导入安瓶鲜注玻色因面膜 33gx5pc,欧莱雅,,¥55.00,33g,玻尿酸,30+评价,苏宁自营,https://search.suning.com/%E9%9D%A2%E8%86%9C/
蒂佳婷Dr.Jart+ 水动力舒缓补水面膜绿丸 持久保湿 晒后呵护 男女通用 5片/盒 三盒特惠装,蒂佳婷Dr.Ja,保湿；补水；舒缓,¥126.00,5片,,400+评价,苏宁自营,https://search.suning.com/%E9%9D%A2%E8%86%9C/
Papa recipe 春雨 蜜罐蜂蜜补水面膜10片/盒*2 两盒特惠装 保湿滋润提亮肤色面膜贴清爽 保湿补水 滋润营养,Papa,保湿；补水；提亮,¥140.00,10片,蜂蜜,1.3万+评价,苏宁自营,https://search.suning.com/%E9%9D%A2%E8%86%9C/
Papa recipe 春雨紫色蜂蜜乳糖酸面膜10片/盒*2 两盒特惠装 收缩毛孔 细腻控油提亮 温和果酸 收缩毛孔,Papa,控油；提亮,¥140.00,10片,蜂蜜,1.3万+评价,苏宁自营,https://search.suning.com/%E9%9D%A2%E8%86%9C/
Papa recipe 春雨 玫瑰花水蜂蜜粉面膜10片/盒 保湿控油 补水 改善暗沉 韩国进口,Papa,保湿；补水；控油,¥75.00,10片,蜂蜜,1.3万+评价,苏宁自营,https://search.suning.com/%E9%9D%A2%E8%86%9C/
欧莱雅 复颜玻尿酸水光充盈导入安瓶鲜注玻色因面膜 33gx15PC,欧莱雅,,¥155.00,33g,玻尿酸,30+评价,苏宁自营,https://search.suning.com/%E9%9D%A2%E8%86%9C/
Papa recipe 春雨 蓝春雨提拉保湿面膜10片/盒*2 两盒特惠装 焕亮熬夜肌 洋甘菊 加倍补水润泽 男女敏肌适,Papa,保湿；补水,¥140.00,10片,,1.3万+评价,苏宁自营,https://search.suning.com/%E9%9D%A2%E8%86%9C/
Papa recipe 春雨 黑色清洁毛孔蜂蜜面膜10片/盒*2 两盒特惠装 补水保湿温和控油,Papa,保湿；补水；控油；清洁,¥140.00,10片,蜂蜜,1.3万+评价,苏宁自营,https://search.suning.com/%E9%9D%A2%E8%86%9C/
珀莱雅双抗面膜2.0 保湿补水提亮肤色抗皱紧致 5片,珀莱雅双抗面膜2,保湿；补水；抗皱；提亮,¥57.20到手价,5片,,80+评价,苏宁自营,https://search.suning.com/%E9%9D%A2%E8%86%9C/
欧莱雅男士耀白面膜美白淡斑淡化痘印补水保湿5PC,欧莱雅男士耀白面,保湿；补水；美白；淡斑,¥52.71到手价,,,90+评价,苏宁自营,https://search.suning.com/%E9%9D%A2%E8%86%9C/
Papa recipe 春雨 白蜂胶补水面膜10片/盒*2 两盒特惠装 面贴膜 清爽修护 保湿补水 谷胱甘肽 珍珠提亮,Papa,保湿；补水；修护；提亮,¥140.00,10片,,1.3万+评价,苏宁自营,https://search.suning.com/%E9%9D%A2%E8%86%9C/
KIMTRUE且初清颜焕肤泥膜小绿泥100g 控油清洁毛孔涂抹面膜去黑头,KIMTRUE且初清颜焕肤泥膜小绿泥100g,控油；清洁,¥85.00,100g,,1评价,苏宁自营,https://search.suning.com/%E9%9D%A2%E8%86%9C/
Cath Kidston玫瑰精华水嘟嘟面膜25mlx5片(5盒25片装),Cath,,¥99.00,25ml；5片；5盒；25片,,0评价,苏宁自营,https://search.suning.com/%E9%9D%A2%E8%86%9C/
欧莱雅复颜精纯维C透亮鲜注面膜5片双仓鲜注VC补水保湿焕活年轻透亮焕白,欧莱雅复颜精纯维,保湿；补水,¥51.92到手价,5片,,200+评价,苏宁自营,https://search.suning.com/%E9%9D%A2%E8%86%9C/
珀莱雅红宝石面膜2.0 干皮补水提亮紧致淡纹 5片,珀莱雅红宝石面膜,补水；提亮,¥45.76到手价,5片,,80+评价,苏宁自营,https://search.suning.com/%E9%9D%A2%E8%86%9C/
Papa recipe 春雨 绿蜂蜜冰感面膜10片/盒*2 两盒特惠装 舒缓泛红 敏感修护 补水保湿,Papa,保湿；补水；修护；舒缓,¥140.00,10片,蜂蜜,1.3万+评价,苏宁自营,https://search.suning.com/%E9%9D%A2%E8%86%9C/
Papa recipe 春雨 玫瑰花水蜂蜜粉面膜10片/盒*2 两盒特惠装 保湿控油 补水 改善暗沉 韩国进口,Papa,保湿；补水；控油,¥140.00,10片,蜂蜜,1.3万+评价,苏宁自营,https://search.suning.com/%E9%9D%A2%E8%86%9C/
Papa recipe 春雨 黑色清洁毛孔蜂蜜面膜6片/盒 补水保湿温和控油 净嫩保湿 敏肌可用,Papa,保湿；补水；控油；清洁,¥49.00,6片,蜂蜜,1.3万+评价,苏宁自营,https://search.suning.com/%E9%9D%A2%E8%86%9C/
麦吉丽(mageline)魔力焕颜蚕丝面膜 保湿补水胜肽玻尿酸护肤 蚕丝面膜一盒（10片）,麦吉丽,保湿；补水,¥282.00到手价,10片,玻尿酸,0评价,苏宁自营,https://search.suning.com/%E9%9D%A2%E8%86%9C/
麦吉丽(Mageline)红茶面膜保湿补水滋润护肤,麦吉丽,保湿；补水,¥316.78到手价,,,0评价,苏宁自营,https://search.suning.com/%E9%9D%A2%E8%86%9C/
欧莱雅复颜玻尿酸水光充盈多效修护安瓶鲜注面膜5片,欧莱雅复颜玻尿酸,修护,¥44.10到手价,5片,玻尿酸,0评价,苏宁自营,https://search.suning.com/%E9%9D%A2%E8%86%9C/
欧莱雅复颜玻尿酸水光充盈多效修护安瓶鲜注面膜10片,欧莱雅复颜玻尿酸,修护,¥78.32到手价,10片,玻尿酸,0评价,苏宁自营,https://search.suning.com/%E9%9D%A2%E8%86%9C/
Papa recipe 春雨 白蜂胶补水面膜10片/盒 面贴膜 清爽修护 保湿补水 谷胱甘肽 珍珠提亮,Papa,保湿；补水；修护；提亮,¥75.00,10片,,1.3万+评价,苏宁自营,https://search.suning.com/%E9%9D%A2%E8%86%9C/
Papa recipe 春雨 蓝春雨提拉保湿面膜10片/盒 焕亮熬夜肌 洋甘菊 加倍补水润泽 韩国进口 男女敏肌适用,Papa,保湿；补水,¥75.00,10片,,1.3万+评价,苏宁自营,https://search.suning.com/%E9%9D%A2%E8%86%9C/
珀莱雅红宝石面膜2.0 干皮补水提亮紧致淡纹 15片,珀莱雅红宝石面膜,补水；提亮,¥122.32到手价,15片,,80+评价,苏宁自营,https://search.suning.com/%E9%9D%A2%E8%86%9C/
莱蔻男士睡眠面膜70g免洗补水保湿护肤,莱蔻男士睡眠面膜,保湿；补水,¥39.90,70g,,400+评价,鑫邦洁精品美妆专营店,https://search.suning.com/%E9%9D%A2%E8%86%9C/
北京同仁堂七子白面膜粉正品天然美容院专用珍珠粉去油祛淡化印黑头雪颜嫩肤美肤男女士青春痘控油去油非软膜粉 单盒装*150g,北京同仁堂七子白面膜粉正品天然美容院专用珍珠粉去油祛淡化印黑头雪颜嫩肤美肤男女士青春痘控油去油非软膜粉,控油,¥58.00,150g,,1100+评价,豪脉美妆专营店,https://search.suning.com/%E9%9D%A2%E8%86%9C/
[10片装]形象美 烟酰胺润泽精华面膜 补水保湿,[10片装]形象,保湿；补水,¥15.90,10片,烟酰胺,800+评价,鑫邦洁美妆专营店,https://search.suning.com/%E9%9D%A2%E8%86%9C/
[20片装]鲜润补水血橙面膜 润泽清爽舒适补水保湿精华面膜,[20片装]鲜润,保湿；补水,¥19.90,20片,,300+评价,鑫邦洁美妆专营店,https://search.suning.com/%E9%9D%A2%E8%86%9C/
欧莱雅安瓶面膜玻尿酸精华补水滋润贴片式,欧莱雅安瓶面膜玻,补水,¥19.00,,玻尿酸,1700+评价,初相见美妆专营店,https://search.suning.com/%E9%9D%A2%E8%86%9C/
(2件5折)片仔癀珍珠臻养透润面膜[女男通用][改善肌肤色斑/暗沉蜡黄/粗糙干燥]匀亮肤色补水保湿美肤白嫩护肤品正品q 片仔癀珍珠臻养透润面膜,(2件5折)片仔,保湿；补水,¥120.00,,,2200+评价,韩妆粉黛护肤专营店,https://search.suning.com/%E9%9D%A2%E8%86%9C/
(PECHOIN)百雀羚面膜面贴膜 紧致菁萃精华液面膜10片 保湿补水紧致肌肤 新老款随机发,(PECHOIN,保湿；补水,¥69.00,10片,,200+评价,岑美美妆专营店,https://search.suning.com/%E9%9D%A2%E8%86%9C/
蒂佳婷(Dr.Jart+)药丸面膜蓝色药丸面膜女男泡泡面膜急救补水保湿(5片/盒)蓝色深层补水 三盒装,蒂佳婷,保湿；补水,¥129.00,5片,,50+评价,Venaes美妆海外旗舰店,https://search.suning.com/%E9%9D%A2%E8%86%9C/
(PECHOIN)百雀羚面膜睡眠面膜 水嫩精纯明星睡眠面膜200g 保湿补水滋润营养 新老款随机发,(PECHOIN,保湿；补水,¥79.00,200g,,200+评价,岑美美妆专营店,https://search.suning.com/%E9%9D%A2%E8%86%9C/
(PECHOIN)百雀羚面膜面贴膜 8杯水保湿水嫩面膜20片 保湿补水,(PECHOIN,保湿；补水,¥79.00,20片,,200+评价,岑美美妆专营店,https://search.suning.com/%E9%9D%A2%E8%86%9C/
馥蕾诗(FRESH)红茶塑颜紧致睡眠面膜100ml 补水保湿免洗夜间修护紧致平滑黑罐,馥蕾诗,保湿；补水；修护,¥429.00到手价,100ml,,9评价,Venaes美妆海外旗舰店,https://search.suning.com/%E9%9D%A2%E8%86%9C/
馥蕾诗Fresh玫瑰保湿面膜15ml*2补水滋润 涂抹式,馥蕾诗Fresh,保湿；补水,¥49.00,15ml,,30+评价,苏宁自营,https://search.suning.com/%E9%9D%A2%E8%86%9C/
[20片]形象美血橙莹润补水保湿面膜 补水保湿滋润面膜,[20片]形象美,保湿；补水,¥69.90,20片,,20+评价,鑫邦洁美妆专营店,https://search.suning.com/%E9%9D%A2%E8%86%9C/
馥蕾诗FRESH红茶凝时修护面膜100ml,馥蕾诗FRESH,修护,¥559.00,100ml,,10+评价,苏宁自营,https://search.suning.com/%E9%9D%A2%E8%86%9C/
馥蕾诗Fresh红茶凝时修护面膜15ml*2面膜中小样旅行装便携装,馥蕾诗Fresh,修护,¥59.00,15ml,,30+评价,苏宁自营,https://search.suning.com/%E9%9D%A2%E8%86%9C/
科颜氏(Kiehl’s)白泥净致面膜温和清洁 黑头 控油保湿 亚马逊白泥面膜125ml +14g,科颜氏,保湿；控油；清洁,¥229.00,125ml；14g,白泥,10+评价,Venaes美妆海外旗舰店,https://search.suning.com/%E9%9D%A2%E8%86%9C/
"欧莱雅复颜玻尿酸水乳护肤套装面部抗老抗皱补水保湿淡化细纹紧致(有赠品字样,原装中小样)",欧莱雅复颜玻尿酸水乳护肤套装面部抗老抗皱补水保湿淡化细纹紧致,保湿；补水；抗皱,¥63.36到手价,,玻尿酸,3.8万+评价,苏宁自营,https://search.suning.com/%E6%8A%A4%E8%82%A4%E5%A5%97%E8%A3%85/
Whoo后拱辰享水乳套装水乳抗皱去黄保湿平衡企划版两件套 气韵润颜水乳6件套护肤套装,Whoo后拱辰享水乳套装水乳抗皱去黄保湿平衡企划版两件套,保湿；抗皱,¥368.00到手价,,,100+评价,SHOUDU GUOJI海外旗舰店,https://search.suning.com/%E6%8A%A4%E8%82%A4%E5%A5%97%E8%A3%85/
(PROYA)珀莱雅套装护肤套装 水动力三件套 洁面乳100g+水135ml+乳液100ml 保湿补水 新老款随机发,(PROYA)珀,保湿；补水,¥99.90,100g；135ml；100ml,,200+评价,岑美美妆专营店,https://search.suning.com/%E6%8A%A4%E8%82%A4%E5%A5%97%E8%A3%85/
"欧莱雅复颜抗皱积雪草护肤套装水乳补水保湿抗皱提拉紧致淡化细纹(有赠品字样,原装中小样)",欧莱雅复颜抗皱积雪草护肤套装水乳补水保湿抗皱提拉紧致淡化细纹,保湿；补水；抗皱,¥66.00到手价,,,8.7万+评价,苏宁自营,https://search.suning.com/%E6%8A%A4%E8%82%A4%E5%A5%97%E8%A3%85/
欧莱雅(LOREAL)男士水能保湿进阶三件套护肤套装(洁面膏100ml+水凝露120ml+滋润乳50ml),欧莱雅,保湿,¥132.00到手价,100ml；120ml；50ml,,7.2万+评价,苏宁自营,https://search.suning.com/%E6%8A%A4%E8%82%A4%E5%A5%97%E8%A3%85/
(CHANDO)自然堂套装护肤套装 雪松精油活颜御龄悦享三件套 柔肤液200ml+乳液120ml+精华液40ml保湿补水,(CHANDO),保湿；补水,¥399.00,200ml；120ml；40ml,,20+评价,岑励美妆专营店,https://search.suning.com/%E6%8A%A4%E8%82%A4%E5%A5%97%E8%A3%85/
(PECHOIN)百雀羚套装护肤套装 白月光套装 至臻皙白淡斑礼盒四件套 洁面+水+乳+精华液 保湿补水淡斑,(PECHOIN,保湿；补水；淡斑,¥239.00,,,1300+评价,岑美美妆专营店,https://search.suning.com/%E6%8A%A4%E8%82%A4%E5%A5%97%E8%A3%85/
(PECHOIN)百雀羚男士化妆品护肤套装 净衡保湿四件套 洁面+水+乳+霜 保湿补水 新老款随机发,(PECHOIN,保湿；补水,¥149.00,,,1300+评价,岑美美妆专营店,https://search.suning.com/%E6%8A%A4%E8%82%A4%E5%A5%97%E8%A3%85/
"欧莱雅复颜抗皱积雪草护肤套装水乳补水保湿抗皱提拉紧致淡化细纹(有赠品字样,原装中小样)",欧莱雅复颜抗皱积雪草护肤套装水乳补水保湿抗皱提拉紧致淡化细纹,保湿；补水；抗皱,¥98.44到手价,,,3.3万+评价,苏宁自营,https://search.suning.com/%E6%8A%A4%E8%82%A4%E5%A5%97%E8%A3%85/
欧莱雅复颜玻尿酸水乳护肤套装礼盒面部抗老抗皱补水保湿淡化细纹紧致,欧莱雅复颜玻尿酸,保湿；补水；抗皱,¥307.12到手价,,玻尿酸,3.8万+评价,苏宁自营,https://search.suning.com/%E6%8A%A4%E8%82%A4%E5%A5%97%E8%A3%85/
欧莱雅女士护肤套装金致臻颜奢养肌活松露保湿滋润抗皱抗糖紧致水乳中样2件套,欧莱雅女士护肤套,保湿；抗皱,¥123.25到手价,,,900+评价,苏宁自营,https://search.suning.com/%E6%8A%A4%E8%82%A4%E5%A5%97%E8%A3%85/
[国内专柜版]Whoo后天气丹花献光彩紧颜水乳礼盒7件套护肤套装,[国内专柜版]W,,¥999.00,,,600+评价,苏宁自营,https://search.suning.com/%E6%8A%A4%E8%82%A4%E5%A5%97%E8%A3%85/
欧莱雅金致臻颜牡丹护肤套装化妆品护肤品生日送套装礼盒,欧莱雅金致臻颜牡,,¥684.92到手价,,,0评价,苏宁自营,https://search.suning.com/%E6%8A%A4%E8%82%A4%E5%A5%97%E8%A3%85/
"(OSM)欧诗漫套装护肤套装 珍珠白套装礼盒四件套 洁颜泡沫+柔肤水+保湿乳+小白灯精华液 保湿补水,滋润营养",(OSM)欧诗漫,保湿；补水,¥219.00,,,200+评价,岑美美妆专营店,https://search.suning.com/%E6%8A%A4%E8%82%A4%E5%A5%97%E8%A3%85/
(PECHOIN)百雀羚套装护肤套装 肌初赋活致臻套装 水90ml+乳90ml+霜50g+眼霜20g+面膜2片 保湿补水,(PECHOIN,保湿；补水,¥289.00,90ml；50g；20g；2片,,30+评价,岑励美妆专营店,https://search.suning.com/%E6%8A%A4%E8%82%A4%E5%A5%97%E8%A3%85/
(PROYA)珀莱雅套装护肤套装 赋能鲜颜四件套 洁面120ml+水160ml+乳120ml+精华液40ml 保湿补水,(PROYA)珀,保湿；补水,¥399.00,120ml；160ml；40ml,,50+评价,岑励美妆专营店,https://search.suning.com/%E6%8A%A4%E8%82%A4%E5%A5%97%E8%A3%85/
(PROYA)珀莱雅套装护肤套装 水漾芯肌水乳组合倍润型 倍润水150ml+倍润乳液120ml 保湿补水新老款随机发,(PROYA)珀,保湿；补水,¥149.00,150ml；120ml,,200+评价,岑美美妆专营店,https://search.suning.com/%E6%8A%A4%E8%82%A4%E5%A5%97%E8%A3%85/
[焕变平衡能量]Sulwhasoo 雪花秀 滋盈肌本 润颜平衡 水乳2件护肤套装礼盒 控油平衡,[焕变平衡能量],控油,¥379.00,,,3900+评价,苏宁自营,https://search.suning.com/%E6%8A%A4%E8%82%A4%E5%A5%97%E8%A3%85/
"欧莱雅复颜玻尿酸水乳护肤套装面部抗老抗皱补水保湿淡化细纹紧致(有赠品字样,原装中小样)",欧莱雅复颜玻尿酸水乳护肤套装面部抗老抗皱补水保湿淡化细纹紧致,保湿；补水；抗皱,¥119.94到手价,,玻尿酸,3.8万+评价,苏宁自营,https://search.suning.com/%E6%8A%A4%E8%82%A4%E5%A5%97%E8%A3%85/
"(OSM)欧诗漫套装护肤套装 珍珠奢华金萃塑颜紧致礼盒四件套 洁面乳+紧肤水+紧颜乳+精华液 保湿补水,滋润营养",(OSM)欧诗漫,保湿；补水,¥279.00,,,200+评价,岑美美妆专营店,https://search.suning.com/%E6%8A%A4%E8%82%A4%E5%A5%97%E8%A3%85/
欧莱雅复颜抗皱视黄醇新升级护肤套装礼盒水乳补水保湿抗皱提拉紧致淡化细纹,欧莱雅复颜抗皱视,保湿；补水；抗皱,¥247.33到手价,,视黄醇,8.7万+评价,苏宁自营,https://search.suning.com/%E6%8A%A4%E8%82%A4%E5%A5%97%E8%A3%85/
(Kans)韩束套装礼盒护肤套装 红蛮腰四件套 洁面+水+乳+面霜 保湿补水,(Kans)韩束,保湿；补水,¥209.00,,,100+评价,岑美美妆专营店,https://search.suning.com/%E6%8A%A4%E8%82%A4%E5%A5%97%E8%A3%85/
欧莱雅复颜玻尿酸水乳护肤套装礼盒面部抗老抗皱补水保湿淡化细纹紧致,欧莱雅复颜玻尿酸,保湿；补水；抗皱,¥210.94到手价,,玻尿酸,3.8万+评价,苏宁自营,https://search.suning.com/%E6%8A%A4%E8%82%A4%E5%A5%97%E8%A3%85/
欧莱雅复颜视黄醇精粹抗皱提拉紧致护肤送套装礼盒抗老紧致护肤套装,欧莱雅复颜视黄醇,抗皱,¥314.10到手价,,视黄醇,8.7万+评价,苏宁自营,https://search.suning.com/%E6%8A%A4%E8%82%A4%E5%A5%97%E8%A3%85/
[清透保湿肌肤]Whoo 后 拱辰享 水妍 水乳霜6件套(赠3小样) 护肤套装 清透保湿,[清透保湿肌肤],保湿,¥439.00,,,2500+评价,苏宁自营,https://search.suning.com/%E6%8A%A4%E8%82%A4%E5%A5%97%E8%A3%85/
欧莱雅男士水能保湿火山岩控油清痘洁面淡痘印洗面奶护肤套装,欧莱雅男士水能保,保湿；控油,¥43.11到手价,,,1.2万+评价,苏宁自营,https://search.suning.com/%E6%8A%A4%E8%82%A4%E5%A5%97%E8%A3%85/
"欧莱雅复颜玻尿酸水乳护肤套装面部抗老抗皱补水保湿淡化细纹紧致(有赠品字样,原装中小样)",欧莱雅复颜玻尿酸水乳护肤套装面部抗老抗皱补水保湿淡化细纹紧致,保湿；补水；抗皱,¥144.76到手价,,玻尿酸,3.8万+评价,苏宁自营,https://search.suning.com/%E6%8A%A4%E8%82%A4%E5%A5%97%E8%A3%85/
欧莱雅金致臻颜奢养花蜜提拉紧致洁面精华蜜乳液面霜眼霜护肤套装滋养保湿护肤套组(滋润版),欧莱雅金致臻颜奢养花蜜提拉紧致洁面精华蜜乳液面霜眼霜护肤套装滋养保湿护肤套组,保湿,¥627.84到手价,,,800+评价,苏宁自营,https://search.suning.com/%E6%8A%A4%E8%82%A4%E5%A5%97%E8%A3%85/
"欧莱雅复颜抗皱积雪草护肤套装水乳补水保湿抗皱提拉紧致淡化细纹(有赠品字样,原装中小样)",欧莱雅复颜抗皱积雪草护肤套装水乳补水保湿抗皱提拉紧致淡化细纹,保湿；补水；抗皱,¥131.52到手价,,,100+评价,苏宁自营,https://search.suning.com/%E6%8A%A4%E8%82%A4%E5%A5%97%E8%A3%85/
欧莱雅复颜玻尿酸水乳护肤套装礼盒面部抗老抗皱补水保湿淡化细纹紧致送妈妈,欧莱雅复颜玻尿酸,保湿；补水；抗皱,¥272.15到手价,,玻尿酸,40+评价,苏宁自营,https://search.suning.com/%E6%8A%A4%E8%82%A4%E5%A5%97%E8%A3%85/
欧莱雅金致臻颜奢养花蜜提拉紧致洁面精华蜜乳液面霜眼霜护肤套装滋养保湿护肤套组(轻盈),欧莱雅金致臻颜奢养花蜜提拉紧致洁面精华蜜乳液面霜眼霜护肤套装滋养保湿护肤套组,保湿,¥627.84到手价,,,800+评价,苏宁自营,https://search.suning.com/%E6%8A%A4%E8%82%A4%E5%A5%97%E8%A3%85/
欧莱雅复颜视黄醇精粹抗皱紧致淡纹护肤套装礼盒礼送妈妈,欧莱雅复颜视黄醇,抗皱,¥277.49到手价,,视黄醇,8.7万+评价,苏宁自营,https://search.suning.com/%E6%8A%A4%E8%82%A4%E5%A5%97%E8%A3%85/
欧莱雅复颜视黄醇精粹抗皱紧致淡纹护肤套装礼盒礼送妈妈礼物,欧莱雅复颜视黄醇,抗皱,¥277.49到手价,,视黄醇,8.7万+评价,苏宁自营,https://search.suning.com/%E6%8A%A4%E8%82%A4%E5%A5%97%E8%A3%85/
欧莱雅女士护肤套装礼盒金致臻颜奢养肌活松露保湿滋润抗皱抗糖紧致水乳,欧莱雅女士护肤套,保湿；抗皱,¥677.48到手价,,,4700+评价,苏宁自营,https://search.suning.com/%E6%8A%A4%E8%82%A4%E5%A5%97%E8%A3%85/
欧莱雅女士护肤套装礼盒金致臻颜奢养肌活松露保湿滋润抗皱抗糖紧致水乳,欧莱雅女士护肤套,保湿；抗皱,¥594.76到手价,,,4700+评价,苏宁自营,https://search.suning.com/%E6%8A%A4%E8%82%A4%E5%A5%97%E8%A3%85/
[国内专柜版]Whoo后拱辰享气韵生润颜水乳6件套护肤套装,[国内专柜版]W,,¥958.00,,,600+评价,苏宁自营,https://search.suning.com/%E6%8A%A4%E8%82%A4%E5%A5%97%E8%A3%85/
[国内专柜版]Whoo后津率享系列红华凝香水乳6件套护肤套装,[国内专柜版]W,,¥1210.00,,,600+评价,苏宁自营,https://search.suning.com/%E6%8A%A4%E8%82%A4%E5%A5%97%E8%A3%85/
Whoo后拱辰享气1韵生润颜水乳6件套(内赠精品小样6件)补水滋润 护肤套装,Whoo后拱辰享气1韵生润颜水乳6件套,补水,¥1580.00,,,8评价,苏宁自营,https://search.suning.com/%E6%8A%A4%E8%82%A4%E5%A5%97%E8%A3%85/
欧莱雅女士套装复颜玻尿酸女护肤化妆品水乳面膜护肤套装抗皱紧致淡纹熬夜护肤品,欧莱雅女士套装复,抗皱,¥374.76到手价,,玻尿酸,7评价,苏宁自营,https://search.suning.com/%E6%8A%A4%E8%82%A4%E5%A5%97%E8%A3%85/
欧莱雅玻色因护肤套装礼盒 玻色因水乳洁面多效组合 通用肤质3年保质期,欧莱雅玻色因护肤套装礼盒,,¥205.92到手价,,,1.4万+评价,苏宁自营,https://search.suning.com/%E6%8A%A4%E8%82%A4%E5%A5%97%E8%A3%85/
欧莱雅青春肌源护肤套装6件套通用肤质,欧莱雅青春肌源护,,¥87.12到手价,,,1评价,苏宁自营,https://search.suning.com/%E6%8A%A4%E8%82%A4%E5%A5%97%E8%A3%85/
欧莱雅青春肌源护肤套装3件套通用肤质,欧莱雅青春肌源护,,¥51.92到手价,,,1评价,苏宁自营,https://search.suning.com/%E6%8A%A4%E8%82%A4%E5%A5%97%E8%A3%85/
后天气丹花献光彩紧颜水乳礼盒7件套(内赠精品小样16件)补水滋润 护肤套装,后天气丹花献光彩紧颜水乳礼盒7件套,补水,¥1495.00,,,600+评价,苏宁自营,https://search.suning.com/%E6%8A%A4%E8%82%A4%E5%A5%97%E8%A3%85/
[国内专柜版]Whoo后 拱辰享水妍水沄系列水乳礼盒6件套护肤套装,[国内专柜版]W,,¥499.00,,,40+评价,苏宁自营,https://search.suning.com/%E6%8A%A4%E8%82%A4%E5%A5%97%E8%A3%85/
欧莱雅奢养花蜜胶原精粹水精华蜜乳液补水保湿抗皱抗老化小蜜罐乳护肤套装礼盒,欧莱雅奢养花蜜胶,保湿；补水；抗皱,¥450.56到手价,,,800+评价,苏宁自营,https://search.suning.com/%E6%8A%A4%E8%82%A4%E5%A5%97%E8%A3%85/
珀莱雅水动力肌活速润礼盒护肤套装,珀莱雅水动力肌活,,¥139.00,,,10+评价,苏宁自营,https://search.suning.com/%E6%8A%A4%E8%82%A4%E5%A5%97%E8%A3%85/
欧莱雅女士护肤套装金致臻颜奢养肌活松露保湿滋润抗皱抗糖紧致水乳送礼盒套装,欧莱雅女士护肤套,保湿；抗皱,¥421.04到手价,,,4700+评价,苏宁自营,https://search.suning.com/%E6%8A%A4%E8%82%A4%E5%A5%97%E8%A3%85/
珀莱雅水动力肌活补水三件套护肤套装,珀莱雅水动力肌活,补水,¥129.00,,,10+评价,苏宁自营,https://search.suning.com/%E6%8A%A4%E8%82%A4%E5%A5%97%E8%A3%85/
(PECHOIN)百雀羚套装护肤套装 灵芝御时塑弹臻奢套装五件套 洁面+水+乳+精华液+面霜 保湿补水,(PECHOIN,保湿；补水,¥269.00,,,1300+评价,岑美美妆专营店,https://search.suning.com/%E6%8A%A4%E8%82%A4%E5%A5%97%E8%A3%85/
(PECHOIN)百雀羚男士化妆品护肤套装 男士净衡保湿套装3件套 洁面+水+乳 保湿补水 新老款随机发,(PECHOIN,保湿；补水,¥109.00,,,1300+评价,岑美美妆专营店,https://search.suning.com/%E6%8A%A4%E8%82%A4%E5%A5%97%E8%A3%85/
"(WETHERM)温碧泉套装护肤套装 八杯水臻选套盒 洁面+水+乳+霜 保湿补水,滋润营养 新老款随机发货",(WETHERM,保湿；补水,¥89.00,,,100+评价,岑美美妆专营店,https://search.suning.com/%E6%8A%A4%E8%82%A4%E5%A5%97%E8%A3%85/
(HERBORIST)佰草集套装护肤套装 典萃多肽凝时礼盒 水150ml+乳100ml+霜50g+面膜3片 保湿补水,(HERBORI,保湿；补水,¥299.00,150ml；100ml；50g；3片,,20+评价,岑美美妆专营店,https://search.suning.com/%E6%8A%A4%E8%82%A4%E5%A5%97%E8%A3%85/
(PROYA)珀莱雅套装护肤套装 水漾芯肌水乳精华三件套倍润型 水150ml+乳120ml+精华液40ml 保湿补水,(PROYA)珀,保湿；补水,¥249.00,150ml；120ml；40ml,,200+评价,岑美美妆专营店,https://search.suning.com/%E6%8A%A4%E8%82%A4%E5%A5%97%E8%A3%85/
(PROYA)珀莱雅护肤套装 水漾芯肌四件套 洁面120g+倍润水150ml+倍润乳液120ml+精华液40ml,(PROYA)珀,,¥279.00,120g；150ml；120ml；40ml,,200+评价,岑美美妆专营店,https://search.suning.com/%E6%8A%A4%E8%82%A4%E5%A5%97%E8%A3%85/
(PECHOIN)百雀羚套装护肤套装 肌初赋活致臻套装眼霜版第三代 精华水+精华乳+菁华霜+眼霜+2面膜 保湿补水,(PECHOIN,保湿；补水,¥289.00,,,200+评价,岑美美妆专营店,https://search.suning.com/%E6%8A%A4%E8%82%A4%E5%A5%97%E8%A3%85/
男士海洋能量护肤3件套盒装 保湿补水深层清洁护肤套装,男士海洋能量护肤3件套盒装,保湿；补水；清洁,¥109.90,,,100+评价,鑫邦洁美妆专营店,https://search.suning.com/%E6%8A%A4%E8%82%A4%E5%A5%97%E8%A3%85/
Whoo 后 拱辰享水乳套装 水乳去黄保湿平衡 拱辰享企划版两件套 气韵润颜水乳6件套护肤套装 送礼,Whoo,保湿,¥358.00到手价,,,80+评价,梵诗理美妆专营店,https://search.suning.com/%E6%8A%A4%E8%82%A4%E5%A5%97%E8%A3%85/
(MEIFUBAO)美肤宝套装护肤套装 五珍御龄礼盒 水+乳+精华+霜+眼霜 保湿补水 新老款随机发,(MEIFUBA,保湿；补水,¥339.00,,,100+评价,岑美美妆专营店,https://search.suning.com/%E6%8A%A4%E8%82%A4%E5%A5%97%E8%A3%85/
"(WETHERM)温碧泉套装护肤套装 芯肌奢润6件套 洁面+水+精华液+面霜+眼霜+紫隔离 保湿补水,滋润营养",(WETHERM,保湿；补水,¥219.00,,,100+评价,岑美美妆专营店,https://search.suning.com/%E6%8A%A4%E8%82%A4%E5%A5%97%E8%A3%85/
片仔癀清痘护肤套装洗面奶+爽肤水+乳液女士男士通用(改善青春痘/粉刺痤1疮/痘印/毛孔粗大)护肤品深层清洁清爽补水保湿q 清痘三件套：洗面奶+爽肤水+乳液,片仔癀清痘护肤套,保湿；补水；清洁,¥179.00,,,100+评价,韩妆粉黛护肤专营店,https://search.suning.com/%E6%8A%A4%E8%82%A4%E5%A5%97%E8%A3%85/
(CHANDO)自然堂套装护肤套装 凝时鲜颜 水160ml+乳液120ml+精华液40ml 保湿补水 新老款随机发,(CHANDO),保湿；补水,¥299.00,160ml；120ml；40ml,,100+评价,岑励美妆专营店,https://search.suning.com/%E6%8A%A4%E8%82%A4%E5%A5%97%E8%A3%85/
梵貞美白祛斑4件套 清爽保湿美白淡斑 护肤套装,梵貞美白祛斑4件套,保湿；美白；淡斑,¥119.90,,,200+评价,鑫邦洁精品美妆专营店,https://search.suning.com/%E6%8A%A4%E8%82%A4%E5%A5%97%E8%A3%85/
(PECHOIN)百雀羚套装护肤套装 灵芝御时塑弹焕颜套装四件套 水+乳+精华液+面霜 保湿补水,(PECHOIN,保湿；补水,¥239.00,,,1300+评价,岑美美妆专营店,https://search.suning.com/%E6%8A%A4%E8%82%A4%E5%A5%97%E8%A3%85/
(PECHOIN)百雀羚套装护肤套装 肌初赋活致臻套装第三代眼霜版 精华水+精华乳+菁华霜+眼霜+2面膜 保湿补水,(PECHOIN,保湿；补水,¥289.00,,,1300+评价,岑美美妆专营店,https://search.suning.com/%E6%8A%A4%E8%82%A4%E5%A5%97%E8%A3%85/
(PECHOIN)百雀羚套装护肤套装 肌初赋能臻享礼盒五件套 洁面乳+水+乳+霜+精华液 保湿补水新老款随机发,(PECHOIN,保湿；补水,¥249.00,,,40+评价,岑美美妆专营店,https://search.suning.com/%E6%8A%A4%E8%82%A4%E5%A5%97%E8%A3%85/
(PECHOIN)百雀羚套装护肤套装 肌初赋活致臻套装半量装 水50ml+乳50ml+精华液15ml+霜25g 保湿补水,(PECHOIN,保湿；补水,¥59.00,50ml；15ml；25g,,1300+评价,岑美美妆专营店,https://search.suning.com/%E6%8A%A4%E8%82%A4%E5%A5%97%E8%A3%85/
(PROYA)珀莱雅套装护肤套装 水漾芯肌洁水乳倍润型 洁面120g+水150ml+乳液120ml 保湿补水新老款随机发,(PROYA)珀,保湿；补水,¥189.00,120g；150ml；120ml,,200+评价,岑美美妆专营店,https://search.suning.com/%E6%8A%A4%E8%82%A4%E5%A5%97%E8%A3%85/
(MEIFUBAO)美肤宝套装护肤套装 五珍双肽黑金闪耀礼盒 黑五珍小套盒 洁面+水+乳+眼霜+面霜+眼精华+面膜,(MEIFUBA,,¥99.00,,,100+评价,岑美美妆专营店,https://search.suning.com/%E6%8A%A4%E8%82%A4%E5%A5%97%E8%A3%85/
(PECHOIN)百雀羚套装护肤套装 恒采新颜焕耀礼盒 水+乳+精华+面霜+眼霜+水70ml+霜8g+面膜2片 保湿补水,(PECHOIN,保湿；补水,¥349.00,70ml；8g；2片,,1300+评价,岑美美妆专营店,https://search.suning.com/%E6%8A%A4%E8%82%A4%E5%A5%97%E8%A3%85/
(Kans)韩束套装礼盒护肤套装 水光保湿弹润光泽礼盒 洁面+水+乳液+精华+霜 保湿补水,(Kans)韩束,保湿；补水,¥209.00,,,40+评价,岑美美妆专营店,https://search.suning.com/%E6%8A%A4%E8%82%A4%E5%A5%97%E8%A3%85/
(MEIFUBAO)美肤宝套装护肤套装 五珍弹力保湿紧致礼盒洁颜乳100ml+紧致水120ml+紧致乳100ml保湿补水,(MEIFUBA,保湿；补水,¥189.00,100ml；120ml,,100+评价,岑美美妆专营店,https://search.suning.com/%E6%8A%A4%E8%82%A4%E5%A5%97%E8%A3%85/
(PECHOIN)百雀羚套装护肤套装 肌初赋活致臻套装精华液版 精华水+精华乳+菁华霜+精华液+2面膜 保湿补水,(PECHOIN,保湿；补水,¥289.00,,,10+评价,岑励美妆专营店,https://search.suning.com/%E6%8A%A4%E8%82%A4%E5%A5%97%E8%A3%85/
"(OSM)欧诗漫套装护肤套装 珍珠肌源修护套装礼盒四件套 洁面乳+珍珠水+精华乳+抚纹眼霜 保湿补水,滋润营养",(OSM)欧诗漫,保湿；补水；修护,¥219.00,,,200+评价,岑美美妆专营店,https://search.suning.com/%E6%8A%A4%E8%82%A4%E5%A5%97%E8%A3%85/
"(Kans)韩束套装礼盒护肤套装 水光保湿弹润紧致礼盒 水+乳+精华+面霜 保湿补水,滋润营养",(Kans)韩束,保湿；补水,¥199.00,,,40+评价,岑美美妆专营店,https://search.suning.com/%E6%8A%A4%E8%82%A4%E5%A5%97%E8%A3%85/
"(Kans)韩束套装礼盒护肤套装 白蛮腰礼盒五件套 洁面+水+乳+精华+面霜 保湿补水,滋润营养 新老款随机发",(Kans)韩束,保湿；补水,¥279.00,,,100+评价,岑美美妆专营店,https://search.suning.com/%E6%8A%A4%E8%82%A4%E5%A5%97%E8%A3%85/
(Kans)韩束套装礼盒护肤套装 玻色因抗皱紧致悦颜礼盒 洁面+精华水+精华乳+精华霜+精华液体验装 保湿补水,(Kans)韩束,保湿；补水；抗皱,¥219.00,,,40+评价,岑美美妆专营店,https://search.suning.com/%E6%8A%A4%E8%82%A4%E5%A5%97%E8%A3%85/
(PROYA)珀莱雅套装护肤套装 双抗亮白组合套装 双抗水+双抗乳+双抗面霜 保湿补水 新老款随机发,(PROYA)珀,保湿；补水,¥359.00,,,200+评价,岑美美妆专营店,https://search.suning.com/%E6%8A%A4%E8%82%A4%E5%A5%97%E8%A3%85/
(PROYA)珀莱雅套装护肤套装 双抗亮白套装 双抗水+双抗乳+双抗精华 保湿补水 新老款随机发,(PROYA)珀,保湿；补水,¥339.00,,,200+评价,岑美美妆专营店,https://search.suning.com/%E6%8A%A4%E8%82%A4%E5%A5%97%E8%A3%85/
(CHANDO)自然堂套装护肤套装 凝时鲜颜肌活修护水乳组合套装清润型 清润水160ml+乳液120ml 保湿补水,(CHANDO),保湿；补水；修护,¥179.00,160ml；120ml,,100+评价,岑励美妆专营店,https://search.suning.com/%E6%8A%A4%E8%82%A4%E5%A5%97%E8%A3%85/
(PROYA)珀莱雅套装护肤套装 水动力肌活速润三件套 洁面乳100g+水135ml+乳液100ml 滋润营养,(PROYA)珀,,¥99.90,100g；135ml；100ml,,50+评价,岑励美妆专营店,https://search.suning.com/%E6%8A%A4%E8%82%A4%E5%A5%97%E8%A3%85/
"(OSM)欧诗漫套装护肤套装 珍珠水活智润套装礼盒四件套 洁面乳+智慧水+保湿凝乳+精华液 保湿补水,滋润营养",(OSM)欧诗漫,保湿；补水,¥209.00,,,200+评价,岑美美妆专营店,https://search.suning.com/%E6%8A%A4%E8%82%A4%E5%A5%97%E8%A3%85/
"(OSM)欧诗漫套装护肤套装 水活智润水乳精华套装 水160ml+乳120ml+精华35ml 保湿补水,滋润营养",(OSM)欧诗漫,保湿；补水,¥189.00,160ml；120ml；35ml,,200+评价,岑美美妆专营店,https://search.suning.com/%E6%8A%A4%E8%82%A4%E5%A5%97%E8%A3%85/
(PECHOIN)百雀羚套装护肤套装 灵芝御时塑弹焕颜套装4件套 水+乳+精华液+面霜 保湿补水滋润营养,(PECHOIN,保湿；补水,¥239.00,,,10+评价,岑励美妆专营店,https://search.suning.com/%E6%8A%A4%E8%82%A4%E5%A5%97%E8%A3%85/
"(PECHOIN)百雀羚套装护肤套装 恒采新颜臻致礼盒 水95ml+乳95ml+霜50g+眼霜15g 保湿补水,滋润营养",(PECHOIN,保湿；补水,¥249.00,95ml；50g；15g,,1300+评价,岑美美妆专营店,https://search.suning.com/%E6%8A%A4%E8%82%A4%E5%A5%97%E8%A3%85/
(PECHOIN)百雀羚套装护肤套装 水嫩倍现组合五件套 洁面+精华水+精华乳液+精华霜+眼精华 保湿补水新老款随机,(PECHOIN,保湿；补水,¥189.00,,,1300+评价,岑美美妆专营店,https://search.suning.com/%E6%8A%A4%E8%82%A4%E5%A5%97%E8%A3%85/
(HERBORIST)佰草集套装护肤套装礼盒 典萃烟酰胺白月光套装 洁面+水+乳液+精华露+防晒+眼霜 保湿补水,(HERBORI,保湿；补水；防晒,¥299.00,,烟酰胺,10+评价,岑美美妆专营店,https://search.suning.com/%E6%8A%A4%E8%82%A4%E5%A5%97%E8%A3%85/
"(WETHERM)温碧泉套装护肤套装 元气活肌臻选五件套 洁面+水+乳+霜+眼霜 保湿补水,滋润营养",(WETHERM,保湿；补水,¥299.00,,,100+评价,岑美美妆专营店,https://search.suning.com/%E6%8A%A4%E8%82%A4%E5%A5%97%E8%A3%85/
(Kans)韩束套装礼盒护肤套装 聚光白臻颜淡斑礼盒 洁面+水+乳+精华+霜 保湿补水,(Kans)韩束,保湿；补水；淡斑,¥249.00,,,40+评价,岑美美妆专营店,https://search.suning.com/%E6%8A%A4%E8%82%A4%E5%A5%97%E8%A3%85/
(Kans)韩束黑胶囊套装礼盒护肤套装 黑金修护礼盒 洁面乳+精华水+精华乳+精华液+面霜 保湿补水 款式随机,(Kans)韩束,保湿；补水；修护,¥279.00,,,100+评价,岑美美妆专营店,https://search.suning.com/%E6%8A%A4%E8%82%A4%E5%A5%97%E8%A3%85/
(OSM)欧诗漫套装护肤套装 珍珠奢华金萃水乳组合 水160ml+乳液120ml 保湿补水,(OSM)欧诗漫,保湿；补水,¥189.00,160ml；120ml,,200+评价,岑美美妆专营店,https://search.suning.com/%E6%8A%A4%E8%82%A4%E5%A5%97%E8%A3%85/
(OSM)欧诗漫套装护肤套装 珍珠营养美肤套装五件套 洁面乳+水+平衡露+面霜+眼精华 保湿补水 新老款随机发,(OSM)欧诗漫,保湿；补水,¥99.00,,,200+评价,岑美美妆专营店,https://search.suning.com/%E6%8A%A4%E8%82%A4%E5%A5%97%E8%A3%85/
(Kans)韩束套装护肤套装 积雪草舒缓盈润奢享礼盒 洁面+水+乳+精华+面霜 保湿补水,(Kans)韩束,保湿；补水；舒缓,¥189.00,,,100+评价,岑美美妆专营店,https://search.suning.com/%E6%8A%A4%E8%82%A4%E5%A5%97%E8%A3%85/
(Kans)韩束套装礼盒护肤套装 玻尿酸水光多效修颜礼盒 洁面+水+乳+精华+BB 保湿补水,(Kans)韩束,保湿；补水,¥189.00,,玻尿酸,100+评价,岑美美妆专营店,https://search.suning.com/%E6%8A%A4%E8%82%A4%E5%A5%97%E8%A3%85/
(PECHOIN)百雀羚套装护肤套装 水嫩倍现臻美套装 洁面+水+乳+3体验装 保湿补水新老款随机发,(PECHOIN,保湿；补水,¥139.00,,,4评价,岑美美妆专营店,https://search.suning.com/%E6%8A%A4%E8%82%A4%E5%A5%97%E8%A3%85/
(PECHOIN)百雀羚套装护肤套装 恒采新颜臻萃礼盒 洁面+水+乳+精华+面霜+2个小样水 保湿补水,(PECHOIN,保湿；补水,¥299.00,,,3评价,岑美美妆专营店,https://search.suning.com/%E6%8A%A4%E8%82%A4%E5%A5%97%E8%A3%85/
(PECHOIN)百雀羚套装护肤套装 水盈保湿甄选礼盒四件套 洁面100g+水100ml+乳100ml+霜50g保湿补水,(PECHOIN,保湿；补水,¥129.00,100g；100ml；50g,,7评价,岑美美妆专营店,https://search.suning.com/%E6%8A%A4%E8%82%A4%E5%A5%97%E8%A3%85/
(PROYA)珀莱雅套装护肤套装 双抗亮白套装 双抗水+双抗乳+双抗精华 滋润营养 新老款随机发,(PROYA)珀,,¥339.00,,,50+评价,岑励美妆专营店,https://search.suning.com/%E6%8A%A4%E8%82%A4%E5%A5%97%E8%A3%85/
(WETHERM)温碧泉套装护肤套装 双重弹润赋活臻选五件套 洁面+水+乳液+面霜+眼精华 保湿补水 新老款随机发,(WETHERM,保湿；补水,¥249.00,,,100+评价,岑美美妆专营店,https://search.suning.com/%E6%8A%A4%E8%82%A4%E5%A5%97%E8%A3%85/
(OSM)欧诗漫套装护肤套装 珍珠奢华金萃水霜组合 水160ml+面霜50g 保湿补水,(OSM)欧诗漫,保湿；补水,¥189.00,160ml；50g,,200+评价,岑美美妆专营店,https://search.suning.com/%E6%8A%A4%E8%82%A4%E5%A5%97%E8%A3%85/
(CHANDO)自然堂套装护肤套装 弹嫩紧致洁水乳三件套 洁面120g+水160ml+乳液120ml 保湿补水,(CHANDO),保湿；补水,¥299.00,120g；160ml；120ml,,20+评价,岑励美妆专营店,https://search.suning.com/%E6%8A%A4%E8%82%A4%E5%A5%97%E8%A3%85/
(CHANDO)自然堂套装护肤套装 雪松精油活颜御龄奢宠礼盒 水+精华液+面霜+眼霜 保湿补水,(CHANDO),保湿；补水,¥599.00,,,20+评价,岑励美妆专营店,https://search.suning.com/%E6%8A%A4%E8%82%A4%E5%A5%97%E8%A3%85/
(CHANDO)自然堂套装护肤套装 雪域保湿洁水乳三件套 洁面125g+冰肌水160ml+乳液120ml 保湿补水,(CHANDO),保湿；补水,¥159.00,125g；160ml；120ml,,100+评价,岑励美妆专营店,https://search.suning.com/%E6%8A%A4%E8%82%A4%E5%A5%97%E8%A3%85/
韩国Whoo后套装套盒 拱辰享气韵生润颜水乳面霜七件套 阴阳平衡系列套盒 女士面部化妆品护肤套装礼盒 新款 送女友礼物,韩国Whoo后套装套盒,,¥518.00到手价,,,200+评价,SHOUDU GUOJI海外旗舰店,https://search.suning.com/%E6%8A%A4%E8%82%A4%E5%A5%97%E8%A3%85/
AHC水乳洁面护肤套装蓝B5玻尿酸补水保湿泡沫清洁,AHC水乳洁面护,保湿；补水；清洁,¥130.00到手价,,玻尿酸；B5,500+评价,万运国际海外专营店,https://search.suning.com/%E6%8A%A4%E8%82%A4%E5%A5%97%E8%A3%85/
LANCOME兰蔻粉水 清滢保湿柔肤水400ml大容量爽肤水干皮亲妈 保湿补水 补水保湿滋润不粘稠通透明亮 全新粉水 兰蔻粉水400ml,LANCOME兰蔻粉水,保湿；补水,¥188.00到手价,400ml,,100+评价,梵诗理美妆专营店,https://search.suning.com/%E7%88%BD%E8%82%A4%E6%B0%B4/
兰蔻LANCOME大粉水400ML 进口爽肤水400ml适合各种肤质长效保湿锁水神器,兰蔻LANCOME大粉水400ML,保湿,¥139.00,400ML；400ml,,20+评价,苏宁自营,https://search.suning.com/%E7%88%BD%E8%82%A4%E6%B0%B4/
科颜氏金盏花水500ml 进口爽肤水500毫升通用肤质长效保湿密封包装,科颜氏金盏花水500ml,保湿,¥195.00,500ml,,2评价,苏宁自营,https://search.suning.com/%E7%88%BD%E8%82%A4%E6%B0%B4/
海蓝之谜(LA MER) 焕活修护精粹水150ml 面部护肤精华水 保湿滋润爽肤水修护精萃液,海蓝之谜,保湿；修护,¥609.00到手价,150ml,,100+评价,Venaes美妆海外旗舰店,https://search.suning.com/%E7%88%BD%E8%82%A4%E6%B0%B4/
日本naturie薏仁水湿敷爽肤水化妆水滋润保湿补水大瓶 500ml,日本naturie薏仁水湿敷爽肤水化妆水滋润保湿补水大瓶,保湿；补水,¥32.90,500ml,,70+评价,万运国际海外专营店,https://search.suning.com/%E7%88%BD%E8%82%A4%E6%B0%B4/
雅诗兰黛红石榴爽肤水200ml干性肌肤专用长效保湿提亮肤色设计优雅有外盒,雅诗兰黛红石榴爽,保湿；提亮,¥219.00,200ml,,0评价,苏宁自营,https://search.suning.com/%E7%88%BD%E8%82%A4%E6%B0%B4/
科颜氏金盏花水250ML 进口爽肤水250毫升专为干性肤质深层保湿长效滋润进口设计,科颜氏金盏花水250ML,保湿,¥139.00,250ML,,2评价,苏宁自营,https://search.suning.com/%E7%88%BD%E8%82%A4%E6%B0%B4/
欧莱雅(L'OREAL)复颜玻尿酸水光充盈导入晶露130ml 爽肤水保湿补水滋润营养紧肤淡皱提拉紧致化妆水L'OREAL,欧莱雅,保湿；补水,¥97.61到手价,130ml,玻尿酸,3.8万+评价,苏宁自营,https://search.suning.com/%E7%88%BD%E8%82%A4%E6%B0%B4/
欧莱雅复颜视黄醇精粹清乳柔肤水130ml新款(水乳质地 淡纹紧致锁水滋润 补水保湿修护爽肤水),欧莱雅复颜视黄醇精粹清乳柔肤水130ml新款,保湿；补水；修护,¥95.92到手价,130ml,视黄醇,8.7万+评价,苏宁自营,https://search.suning.com/%E7%88%BD%E8%82%A4%E6%B0%B4/
海蓝之谜(LA MER) 焕活修护精粹水150ml 面部护肤精华水保湿滋润爽肤水修护精萃液,海蓝之谜,保湿；修护,¥609.00到手价,150ml,,100+评价,Venaes美妆海外旗舰店,https://search.suning.com/%E7%88%BD%E8%82%A4%E6%B0%B4/
海蓝之谜LA MERM经典进口爽肤水100ml全肤质滋养保湿美容圣品,海蓝之谜LA,保湿,¥399.00,100ml,,90+评价,苏宁自营,https://search.suning.com/%E7%88%BD%E8%82%A4%E6%B0%B4/
欧莱雅(LOREAL)复颜清乳柔肤水65ml*2赠品中样 新客尝鲜 全新升级,欧莱雅,,¥48.40到手价,65ml,,8.7万+评价,苏宁自营,https://search.suning.com/%E7%88%BD%E8%82%A4%E6%B0%B4/
兰蔻清滢保湿柔肤水125ml,兰蔻清滢保湿柔肤,保湿,¥79.00,125ml,,900+评价,苏宁自营,https://search.suning.com/%E7%88%BD%E8%82%A4%E6%B0%B4/
LANCÔME 兰蔻玫瑰露清滢柔肤粉水爽肤水400毫升干皮真爱补水保湿大粉水两瓶装+125ml中样,LANCÔME ,保湿；补水,¥399.00到手价,125ml,,600+评价,Venaes美妆海外旗舰店,https://search.suning.com/%E7%88%BD%E8%82%A4%E6%B0%B4/
OPERA 娥佩兰 薏苡仁化妆水 500ml(cosme大赏薏仁水 爽肤水 温和不刺激 嫩肤水 补水保湿喷雾 日本),OPERA,保湿；补水,¥58.00,500ml,,5200+评价,苏宁自营,https://search.suning.com/%E7%88%BD%E8%82%A4%E6%B0%B4/
娇韵诗(CLARINS)紧致焕颜弹力精华水小样50ml*3瓶抗初老爽肤水紧致弹簧水,娇韵诗,,¥169.00,50ml；3瓶,,2100+评价,苏宁自营,https://search.suning.com/%E7%88%BD%E8%82%A4%E6%B0%B4/
科颜氏Kiehl''s金盏花植萃爽肤水75ml,科颜氏Kiehl,,¥39.00,75ml,,10+评价,苏宁自营,https://search.suning.com/%E7%88%BD%E8%82%A4%E6%B0%B4/
